PolicyExecTime,NumTrajs,LossAfter,MeanKLBefore,ItrTime,dLoss,Iteration,AverageReturn,EnvExecTime,ExplainedVariance,MeanKL,MinReturn,Entropy,ProcessExecTime,Perplexity,MaxReturn,AverageDiscountedReturn,LossBefore,Time,StdReturn
1.6827645301818848,301,-0.0156604554504,-1.54955936971e-09,2.871853828430176,0.0156604781343,0,-48.6710963455,0.4531993865966797,2.20523599381e-11,0.00687638064846,-163,1.60841,0.06848788261413574,4.99488,-5,-43.9580725726,2.26839329542e-08,2.87185001373291,25.4949958309
1.6596224308013916,319,-0.0186150670052,-3.11801651165e-09,2.790807008743286,0.0186150597139,1,-45.6457680251,0.44350314140319824,0.264198382728,0.00609865691513,-157,1.60324,0.06699442863464355,4.96912,-5,-41.5058101798,-7.29123383891e-09,5.666284084320068,24.3224789785
1.7384698390960693,354,-0.00881356745958,-9.71885771861e-09,2.8792951107025146,0.00881358599743,2,-44.1073446328,0.4583110809326172,0.0294680589511,0.00591405062005,-275,1.60062,0.07194876670837402,4.95608,-5,-40.479967269,1.85378432604e-08,8.551078081130981,24.8101219152
1.7312867641448975,385,-0.0122339650989,2.64293587016e-09,2.828716993331909,0.0122339621507,3,-43.9272727273,0.4396336078643799,0.243301663012,0.00729811517522,-161,1.58732,0.06955242156982422,4.89063,-5,-40.8183355504,-2.94813551349e-09,11.384513139724731,20.5761154965
1.76570463180542,435,-0.0213320218027,1.8577476224e-09,2.879481077194214,0.0213320128596,4,-41.2068965517,0.4385874271392822,0.279280706581,0.00632178410888,-144,1.56086,0.07138466835021973,4.7629,-5,-38.6177957333,-8.94307561339e-09,14.269015073776245,18.6693786604
1.8351006507873535,490,-0.027117215097,1.98588132605e-08,2.9389779567718506,0.0271172219501,5,-40.4530612245,0.4397103786468506,0.347000164763,0.00702767679468,-144,1.52806,0.0739898681640625,4.60923,-5,-38.3131718632,6.85316337012e-09,17.211663007736206,17.1757672441
1.827063798904419,541,-0.0209627654403,-1.29683142003e-09,3.0345451831817627,0.0209627526688,6,-36.6635859519,0.44211506843566895,0.346793703891,0.00851835589856,-110,1.50106,0.07653021812438965,4.48643,-5,-34.9301073957,-1.27715731324e-08,20.252576112747192,15.3828992988
1.8216230869293213,545,-0.0298124905676,-2.93627184789e-08,2.9389209747314453,0.0298124761696,7,-36.1009174312,0.4429628849029541,0.378869851496,0.00729372957721,-90,1.46717,0.07583451271057129,4.33692,-5,-34.4320035341,-1.43980054546e-08,23.19597101211548,15.0056533409
1.803635597229004,591,-0.0302532352507,-1.11704423489e-08,2.9012489318847656,0.0302532240324,8,-31.7614213198,0.43979954719543457,0.29007810058,0.00704439962283,-122,1.43293,0.07774591445922852,4.19096,-5,-30.3865329618,-1.12183311529e-08,26.10322093963623,14.239275087
1.812098503112793,602,-0.0348111242056,1.04762576392e-09,2.9579918384552,0.0348111277061,9,-30.7408637874,0.4468667507171631,0.289866043246,0.00974719133228,-143,1.3931,0.07848787307739258,4.02731,-5,-29.4448725074,3.50055251452e-09,29.06660509109497,14.6978186027
1.7903077602386475,652,-0.0372772328556,8.95829721514e-09,2.8872029781341553,0.0372772339991,10,-28.8634969325,0.43854308128356934,0.376102844753,0.00983504485339,-97,1.34231,0.07980895042419434,3.82788,-5,-27.8035341588,1.14349441027e-09,31.95805597305298,13.1531126752
1.8244318962097168,694,-0.0380471907556,4.21200585521e-09,2.9357900619506836,0.0380471970499,11,-28.2132564841,0.4370880126953125,0.384684782116,0.00953057594597,-87,1.28989,0.0807502269744873,3.63239,-5,-27.2688179594,6.29425045418e-09,34.8984260559082,11.9946216358
1.823009967803955,698,-0.0467509888113,6.08866734808e-09,2.943617105484009,0.0467510208291,12,-27.7091690544,0.4393136501312256,0.436408891016,0.00723396195099,-85,1.23334,0.08215665817260742,3.43268,-5,-26.7894481092,3.20178443758e-08,37.84685707092285,11.9588574383
1.8362677097320557,743,-0.0522482916713,4.02577917669e-08,2.9584968090057373,0.0522482829946,13,-27.0444145357,0.4444286823272705,0.355505739412,0.00871969014406,-104,1.17293,0.08368444442749023,3.23144,-5,-26.217243609,-8.67670113536e-09,40.81071090698242,12.591497394
1.784355878829956,773,-0.0620138123631,-3.74763651223e-08,2.9153690338134766,0.0620137629484,14,-24.3298835705,0.43770408630371094,0.422649313591,0.00877291988581,-70,1.11335,0.08415532112121582,3.04455,-5,-23.6701866254,-4.94147478491e-08,43.7306649684906,10.6597913186
1.7956702709197998,781,-0.0693078935146,-1.57993316208e-08,2.9272050857543945,0.0693079039967,15,-23.6120358515,0.43990015983581543,0.428008680971,0.00736797321588,-58,1.05009,0.08496975898742676,2.8579,-5,-22.9903591838,1.04820321312e-08,46.66122603416443,10.4040920039
1.8434770107269287,779,-0.0804696381092,-1.3231749918e-08,2.96948504447937,0.0804696082355,16,-25.4967907574,0.4407660961151123,0.40123500619,0.0090004503727,-95,1.02722,0.08516430854797363,2.79329,-5,-24.8100015472,-2.98736750892e-08,49.63575005531311,11.0855433259
1.8819141387939453,772,-0.0413748547435,-8.43245739901e-09,3.0545849800109863,0.0413748724008,17,-26.7512953368,0.4469482898712158,0.414227270615,0.00602239556611,-114,1.04415,0.08642411231994629,2.84097,-5,-26.0206428994,1.76573244914e-08,52.69482207298279,11.9978543367
1.8643934726715088,760,-0.0288401450962,1.76953456332e-08,3.004987955093384,0.0288401105205,18,-27.3631578947,0.4419980049133301,0.409317221334,0.0073354523629,-80,1.05884,0.0850985050201416,2.88304,-5,-26.6139992058,-3.45756987485e-08,55.70395112037659,11.627653541
1.8482413291931152,805,-0.0280803255737,-9.32369381701e-09,2.989248037338257,0.028080360004,19,-25.3863354037,0.43821287155151367,0.368775572309,0.00805035699159,-126,1.01315,0.0857393741607666,2.75427,-5,-24.7175485581,3.44303074939e-08,58.69892692565918,11.3144139197
1.8149380683898926,823,-0.0259707905352,-9.31499677392e-09,2.9851109981536865,0.0259707651878,20,-23.8505467801,0.43891429901123047,0.402091799408,0.00764038134366,-65,0.978813,0.08599710464477539,2.66129,-5,-23.2296838105,-2.53474592427e-08,61.68969511985779,10.7359004857
1.7860691547393799,850,-0.00721912132576,1.45580756339e-08,2.9223530292510986,0.00721914777435,21,-22.0011764706,0.4415907859802246,0.390593726835,0.00981148146093,-54,0.914279,0.08827757835388184,2.49497,-5,-21.4536830863,2.64485926493e-08,64.6161630153656,10.0220344784
1.7756874561309814,831,-0.0317239798605,-1.19537100218e-08,2.934943914413452,0.0317239386618,22,-22.6064981949,0.43505024909973145,0.371003292058,0.00751289818436,-62,0.920598,0.09197616577148438,2.51079,-5,-21.9949070287,-4.11987315374e-08,67.55579996109009,10.3058127903
1.822535753250122,858,-0.0373173765838,-1.10245883533e-08,2.9789490699768066,0.0373174042548,23,-22.3741258741,0.44079017639160156,0.394090293732,0.00879432819784,-75,0.877886,0.08802032470703125,2.40581,-5,-21.7962342939,2.76710334646e-08,70.53948092460632,10.260642073
1.7788305282592773,875,-0.0476640015841,1.02394903667e-09,2.9204721450805664,0.0476640358889,24,-21.1268571429,0.43665647506713867,0.386212742908,0.00769376009703,-53,0.837019,0.08767056465148926,2.30947,-5,-20.615234485,3.43048327522e-08,73.46515393257141,9.57227656798
1.7717268466949463,890,-0.0442163534462,1.45177452282e-08,2.8997650146484375,0.0442163911208,25,-20.6764044944,0.43824148178100586,0.381778954636,0.00526930578053,-77,0.802005,0.08885478973388672,2.23001,-5,-20.1850855703,3.76745212805e-08,76.3694839477539,9.30583992637
1.7595741748809814,889,-0.0603398084641,-3.17030455221e-08,2.896898031234741,0.0603398315061,26,-20.2924634421,0.44745302200317383,0.374784994762,0.00797813199461,-55,0.781286,0.08880734443664551,2.18428,-5,-19.8036205588,2.30420518221e-08,79.26974606513977,9.34322173927
1.7853572368621826,899,-0.0306981094182,-1.79373422782e-08,2.9486091136932373,0.0306981267473,27,-19.2057842047,0.4503359794616699,0.298887165798,0.00776448100805,-45,0.742226,0.09131932258605957,2.10061,-5,-18.7305064814,1.73291461181e-08,82.22283911705017,9.57488661818
1.7397067546844482,874,-0.0260273367167,3.97542265773e-09,2.9293038845062256,0.026027340436,28,-19.9519450801,0.4364809989929199,0.313541469929,0.00737036764622,-75,0.754212,0.08839774131774902,2.12594,-5,-19.4247806136,3.71932973309e-09,85.15661001205444,10.1883846961
1.7165675163269043,918,-0.0211121365428,-2.68562971861e-09,2.9228689670562744,0.0211121729732,29,-17.9760348584,0.4372725486755371,0.310684448181,0.00753501523286,-45,0.696901,0.0903012752532959,2.00752,-5,-17.5333692877,3.64303573974e-08,88.08333706855774,8.98118784127
1.6754627227783203,928,-0.0119287893176,6.91169610434e-09,2.878736972808838,0.0119288144946,30,-16.6864224138,0.43450474739074707,0.254571668195,0.00709269428626,-43,0.643189,0.08973360061645508,1.90254,-5,-16.2828524528,2.51770018167e-08,90.9655249118805,9.10994559548
1.7003076076507568,948,-9.24324616847e-09,1.25437891185e-08,2.9928598403930664,0.0,31,-16.6613924051,0.43942832946777344,0.258457212271,1.25437891185e-08,-51,0.616717,0.0920875072479248,1.85283,-5,-16.2426088417,-9.24324616847e-09,93.9625461101532,8.3989593339
1.719846248626709,956,-0.0118789607659,1.29730599596e-08,2.915065050125122,0.0118789833842,32,-17.1516736402,0.4448556900024414,0.241709156006,0.00723166856915,-52,0.614638,0.09093213081359863,1.84899,-5,-16.727483963,2.26183125562e-08,96.88225102424622,8.98447098923
1.6651484966278076,958,-0.00540950195864,-8.33662472388e-09,2.8755440711975098,0.005409461174,33,-16.111691023,0.4351041316986084,0.229977870113,0.00677353236824,-50,0.577822,0.09083080291748047,1.78215,-5,-15.7023522693,-4.07846343364e-08,99.7625060081482,8.29499491044
1.6960210800170898,963,-0.00698519079015,1.15099778597e-08,2.870967149734497,0.00698516662449,34,-16.9283489097,0.43253040313720703,0.250705009346,0.00609980430454,-42,0.563966,0.09118318557739258,1.75763,-5,-16.5023980959,-2.41656543665e-08,102.63757610321045,7.76137199193
1.6983022689819336,972,-0.0104682901874,-2.81283831782e-08,2.8733439445495605,0.0104682692066,35,-17.1255144033,0.4369056224822998,0.251797298805,0.00978329591453,-42,0.529483,0.09148240089416504,1.69805,-5,-16.6779103939,-2.09808348473e-08,105.51539611816406,7.55342339488
1.7554235458374023,977,-3.80225719709e-05,1.16355081126e-09,2.982093095779419,3.80149993475e-05,36,-18.2047082907,0.43726634979248047,0.285235156819,0.00237849680707,-44,0.474555,0.09248113632202148,1.6073,-5,-17.7075726263,-7.57262341722e-09,108.5028920173645,7.19782310588
1.8085198402404785,984,-6.86829437768e-09,1.32587114621e-08,3.163951873779297,0.0,37,-18.1178861789,0.4519541263580322,0.299484432909,1.32587114621e-08,-41,0.446268,0.09537434577941895,1.56247,-5,-17.6226443202,-6.86829437768e-09,111.67127108573914,6.76810468745
1.7490065097808838,980,-0.00248464965262,1.35436897253e-08,2.9357409477233887,0.0024846641636,38,-18.4857142857,0.43554186820983887,0.290609876364,0.00714942300692,-42,0.445123,0.09153556823730469,1.56068,-5,-17.9787314406,1.45109853023e-08,114.61060905456543,7.08280470216
1.775651216506958,992,-0.00985059328377,-1.25663204287e-08,2.977631092071533,0.00985064329166,39,-18.0836693548,0.44229578971862793,0.254822717614,0.00935395248234,-42,0.408435,0.09382033348083496,1.50446,-5,-17.5899738436,5.00078911614e-08,117.59282803535461,7.15961846301
1.788102626800537,993,-3.62396228581e-08,-2.8301014865e-09,3.1089730262756348,0.0,40,-18.4128902316,0.4412369728088379,0.294046436441,-2.8301014865e-09,-41,0.339583,0.09435772895812988,1.40436,-5,-17.8796961891,-3.62396228581e-08,120.70644807815552,6.13368319132
1.7663428783416748,994,-0.00221222941764,-2.9039819438e-09,2.9584171772003174,0.00221223589744,41,-18.0362173038,0.43880653381347656,0.268213772477,0.00798740237951,-43,0.33983,0.09398150444030762,1.40471,-5,-17.5145323453,6.47980158419e-09,123.66824412345886,6.22456160546
1.7094616889953613,992,-0.0253710374236,-6.06640027101e-09,2.8977949619293213,0.025371036518,42,-17.2903225806,0.4362218379974365,0.286991396645,0.00966809503734,-41,0.303345,0.09501290321350098,1.35438,-5,-16.7879680063,-9.0562835009e-10,126.57072806358337,5.54184840707
1.7513647079467773,991,-0.037200294435,-6.4083773843e-09,3.015496015548706,0.0372002883315,43,-18.1321897074,0.438417911529541,0.34818421736,0.0088451448828,-33,0.291047,0.18030548095703125,1.33783,-5,-17.6091238232,-6.10351547081e-09,129.5907211303711,5.51520082221
1.7532353401184082,987,-0.00573582248762,-8.18774825717e-09,2.9770638942718506,0.00573560573262,44,-17.8064842958,0.43499135971069336,0.0626048659058,0.00859296508133,-214,0.34267,0.09269404411315918,1.4087,-5,-17.2911684548,-2.1675499795e-07,132.57234406471252,8.75120709581
1.7074244022369385,994,-0.0034471899271,-1.26053096849e-08,2.9076709747314453,0.00344719517021,45,-17.0744466801,0.4398617744445801,0.232330391048,0.00772041548043,-41,0.37368,0.09249639511108398,1.45307,-5,-16.6030752378,5.24311127847e-09,135.48448991775513,6.54688177006
1.701874017715454,995,-0.0135832577944,-8.5498825797e-09,2.903160810470581,0.0135832426877,46,-17.248241206,0.44008946418762207,0.229717826574,0.00758913531899,-33,0.368211,0.09287476539611816,1.44515,-5,-16.7633559333,-1.51066732457e-08,138.3925280570984,6.77919403624
1.7266030311584473,995,-0.00836860295385,-8.35241387165e-09,2.936936140060425,0.00836857825863,47,-17.4994974874,0.4353644847869873,0.24678493442,0.00904421322048,-33,0.407325,0.09186792373657227,1.50279,-5,-17.0160370554,-2.46952254201e-08,141.3329291343689,6.95056121871
1.7244839668273926,992,-0.00181057746522,1.46047209881e-08,2.8776650428771973,0.00181049158019,48,-16.4818548387,0.44689345359802246,0.22239938459,0.00903381034732,-41,0.434755,0.09464335441589355,1.54458,-5,-16.0534289391,-8.58850341956e-08,144.21398496627808,7.68584747431
1.7285137176513672,996,-4.46141115162e-08,7.1269976587e-09,3.0232269763946533,0.0,49,-16.8775100402,0.438887357711792,0.168694223515,7.1269976587e-09,-124,0.389107,0.09435033798217773,1.47566,-5,-16.3962649315,-4.46141115162e-08,147.24169206619263,7.71356288849
1.740616798400879,997,-0.00171875208616,7.09946190725e-09,2.891801118850708,0.0017186910998,50,-16.4744232698,0.4440622329711914,0.203974768275,0.0095838624984,-41,0.389221,0.09508657455444336,1.47583,-5,-16.0173409302,-6.09863661793e-08,150.13862013816833,7.20975307563
1.6378414630889893,999,-0.0130323115736,-7.44440864509e-09,2.791875123977661,0.013032336116,51,-15.0530530531,0.43763136863708496,0.156183968156,0.00823456700891,-33,0.3487,0.09156990051269531,1.41722,-5,-14.6211275888,2.45423876777e-08,152.9351351261139,6.79016159474
1.7047569751739502,998,-0.000216124768485,-1.15371969756e-08,2.859827995300293,0.000216213776262,52,-16.2755511022,0.43670129776000977,0.199418261651,0.00680840620771,-32,0.312952,0.09413337707519531,1.36746,-5,-15.7928680213,8.90077771487e-08,155.8006739616394,6.05413317527
1.6923205852508545,997,-0.010046645999,2.71842637289e-09,2.854128122329712,0.0100466757238,53,-17.6720160481,0.4391298294067383,0.204262910775,0.00663728266954,-74,0.339971,0.09016990661621094,1.40491,-5,-17.1529951027,2.97248519132e-08,158.66080498695374,6.69973197025
1.826603651046753,993,-0.00169527309481,2.24975380547e-08,3.075214147567749,0.00169527871812,54,-18.4249748238,0.458651065826416,0.252510636824,0.00717054214329,-41,0.399472,0.09680771827697754,1.49104,-5,-17.916573071,5.62330448872e-09,161.74056792259216,7.06570092284
1.8256738185882568,992,-2.7062700525e-08,-1.87467819046e-08,3.1192729473114014,0.0,55,-17.591733871,0.4494466781616211,0.250138646279,-1.87467819046e-08,-41,0.422137,0.09492206573486328,1.52522,-5,-17.1193130619,-2.7062700525e-08,164.86432099342346,7.29405774897
1.7854530811309814,988,-0.0037412121892,-1.8242957367e-08,2.9492008686065674,0.00374122197535,56,-17.7155870445,0.4442300796508789,0.268802692175,0.00451697176322,-41,0.420426,0.09562110900878906,1.52261,-5,-17.2378701018,9.78614878022e-09,167.81714701652527,7.13895341275
1.7137999534606934,995,-0.00721105886623,6.12952577583e-09,2.8806588649749756,0.0072110419572,57,-17.3467336683,0.43955159187316895,0.230233733807,0.00523610506207,-41,0.37771,0.09182524681091309,1.45894,-5,-16.8597964525,-1.69090341728e-08,170.70236897468567,6.69248261125
1.7235889434814453,995,1.80100361291e-08,-1.85698158239e-11,3.037476062774658,0.0,58,-16.8512562814,0.4486045837402344,0.220484232675,-1.85698158239e-11,-41,0.34112,0.09638094902038574,1.40652,-5,-16.3666360371,1.80100361291e-08,173.74585890769958,6.2069814745
1.673886775970459,996,-4.00223036934e-08,2.51854283956e-11,3.0111892223358154,0.0,59,-16.9608433735,0.43804240226745605,0.204753761301,2.51854283956e-11,-41,0.340506,0.09096407890319824,1.40566,-5,-16.4633233832,-4.00223036934e-08,176.76042199134827,6.40292610785
1.7278141975402832,994,-4.28810409403e-09,-4.46059369996e-11,3.0118260383605957,0.0,60,-17.1941649899,0.44129228591918945,0.237592428032,-4.46059369996e-11,-33,0.340041,0.09438157081604004,1.40501,-5,-16.6954676447,-4.28810409403e-09,179.7770800590515,6.20650062896
1.6782307624816895,996,-0.00423475122079,3.76453868078e-11,2.851287841796875,0.00423477131118,61,-16.7208835341,0.4386477470397949,0.205153285732,0.00721444422379,-33,0.340166,0.09305715560913086,1.40518,-5,-16.2292016915,2.00903826908e-08,182.63248705863953,6.18461019268
1.6853833198547363,996,-8.35907201235e-08,-9.8246089042e-10,2.9837100505828857,0.0,62,-16.5060240964,0.44373416900634766,0.220340731708,-9.8246089042e-10,-35,0.277316,0.0927579402923584,1.31958,-5,-16.0113647742,-8.35907201235e-08,185.61950612068176,5.47162852635
1.6799752712249756,995,4.83058641976e-08,-9.89292314735e-10,2.959096908569336,0.0,63,-16.2331658291,0.44327306747436523,0.130853298525,-9.89292314735e-10,-124,0.277471,0.09358048439025879,1.31979,-5,-15.7397593361,4.83058641976e-08,188.58315896987915,6.73100569872
1.6406972408294678,1000,4.92637264315e-09,-1.00959207661e-09,2.910198211669922,0.0,64,-16.49,0.4349970817565918,-0.0343253941109,-1.00959207661e-09,-33,0.27832,0.09072422981262207,1.32091,-5,-15.9967673846,4.92637264315e-09,191.49684691429138,5.79843944523
1.670452356338501,997,-0.000778054702096,-1.00217434351e-09,2.604779005050659,0.000778090750984,65,-16.1815446339,0.43430614471435547,0.194344316264,0.00821979530156,-33,0.277567,0.09179234504699707,1.31991,-5,-15.6971952959,3.60488883189e-08,194.1064100265503,5.83251189508
1.5768516063690186,1000,6.21775075871e-09,9.9073238502e-09,2.873201847076416,0.0,66,-15.426,0.4330105781555176,0.17007226568,9.9073238502e-09,-32,0.255004,0.0886693000793457,1.29047,-5,-14.9516230023,6.21775075871e-09,196.98440599441528,5.50277420943
1.6836793422698975,999,-0.00282024103217,9.89653692329e-09,2.8606209754943848,0.00282025377055,67,-15.7097097097,0.43694138526916504,0.182480478579,0.00646724551916,-33,0.255273,0.09366106986999512,1.29081,-5,-15.2295091352,1.2738377464e-08,199.84850907325745,5.55884129404
1.691866159439087,1000,-0.0185128357261,-7.77952102737e-09,2.9210269451141357,0.018512883286,68,-16.433,0.4507718086242676,0.198563431907,0.00990920048207,-33,0.266967,0.09471631050109863,1.306,-5,-15.9314432027,4.75598120886e-08,202.77486109733582,5.9295455981
1.5804755687713623,999,-0.000642038532533,-8.01680766216e-09,2.7770540714263916,0.000642023288714,69,-14.9159159159,0.43017029762268066,0.169070195465,0.00957066845149,-33,0.312672,0.08880305290222168,1.36707,-5,-14.475139756,-1.52438186518e-08,205.55665493011475,6.54230377433
1.622302770614624,1000,-0.00269901333377,-1.78199677237e-08,2.812492847442627,0.00269901317898,70,-14.501,0.43809008598327637,0.140759029069,0.00401770835742,-32,0.29288,0.09263849258422852,1.34028,-5,-14.0679099236,-1.54786336526e-10,208.37387704849243,6.08062488565
1.5695936679840088,1000,-4.56957032213e-08,1.45294765108e-09,2.8770270347595215,0.0,71,-14.883,0.42534804344177246,0.157013485692,1.45294765108e-09,-33,0.277422,0.08734798431396484,1.31972,-5,-14.4335208411,-4.56957032213e-08,211.2551350593567,6.0026086829
1.596437931060791,1000,-0.00149457657244,1.45294531961e-09,2.7807109355926514,0.00149462172585,72,-14.784,0.4376804828643799,0.158399952175,0.00920348241925,-33,0.277115,0.0921163558959961,1.31932,-5,-14.3338356271,4.51534099e-08,214.03928995132446,5.84562605715
1.6551430225372314,999,-0.00313578732312,4.28020285881e-09,2.8595798015594482,0.00313584471687,73,-16.2942942943,0.43436503410339355,0.191588408248,0.00814403966069,-33,0.265615,0.09222078323364258,1.30423,-5,-15.7968633772,5.73937555259e-08,216.90350914001465,5.84359693191
1.5723414421081543,1000,-0.0169861614704,-9.23948562104e-09,2.745474100112915,0.0169861070265,74,-14.64,0.4307892322540283,0.141599241986,0.00533342268318,-32,0.251111,0.09018635749816895,1.28545,-5,-14.1935203063,-5.44439160421e-08,219.65367913246155,5.32582387993
1.6137125492095947,1000,-0.000711971719284,-1.13389431178e-08,2.7774789333343506,0.00071204642758,75,-14.859,0.4369504451751709,0.159706613541,0.0086130592972,-32,0.20935,0.09299159049987793,1.23288,-5,-14.3985274964,7.47082964381e-08,222.4346170425415,5.03975386304
1.6753969192504883,1000,-0.00483024260029,-1.36405935436e-08,2.9969301223754883,0.00483024037375,76,-15.878,0.4510369300842285,0.202019601241,0.00663480954245,-32,0.200157,0.09477829933166504,1.22159,-5,-15.3867454767,-2.22654183979e-09,225.43491911888123,4.90847389725
1.5900063514709473,999,-0.00120205618441,-1.16276424253e-11,2.782428026199341,0.00120203391906,77,-15.3403403403,0.44997286796569824,0.168706339283,0.00653753383085,-32,0.236186,0.09125709533691406,1.26641,-5,-14.8718148134,-2.22653504522e-08,228.2230989933014,5.46865527116
1.6498186588287354,1000,-0.00157652364578,2.19960405445e-08,2.8468551635742188,0.00157650554045,78,-14.247,0.45005202293395996,0.150114104527,0.00889823772013,-32,0.244248,0.09873628616333008,1.27666,-5,-13.8127696024,-1.81053270154e-08,231.07444596290588,5.33179059979
1.5485005378723145,1000,-2.8003267289e-05,2.45128024545e-08,2.6339869499206543,2.79508361736e-05,79,-12.823,0.4685814380645752,0.117611116739,0.00711328024045,-32,0.256118,0.09303164482116699,1.29191,-5,-12.4386363277,-5.24311154493e-08,233.71178007125854,5.77647565562
1.592015027999878,1000,8.77029560087e-09,-8.0288442561e-09,2.8951799869537354,0.0,80,-13.777,0.44898557662963867,0.139787942531,-8.0288442561e-09,-32,0.280769,0.09361767768859863,1.32415,-5,-13.3644665063,8.77029560087e-09,236.61254405975342,6.08040056246
1.6629738807678223,1000,-0.00102637859527,-8.01921906657e-09,2.7156901359558105,0.001026276518,81,-13.904,0.4437284469604492,0.146238344872,0.00642585242167,-24,0.280653,0.09584331512451172,1.32399,-5,-13.4896256057,-1.02077272857e-07,239.33283305168152,6.1908629447
1.6000971794128418,999,-0.00228468840942,-8.58160564832e-09,2.7766799926757812,0.00228459721574,82,-13.3603603604,0.4393024444580078,0.154219177389,0.00740069430321,-32,0.289849,0.09349179267883301,1.33623,-5,-12.9686144521,-9.11936766101e-08,242.1145510673523,6.30095010633
1.548816442489624,1000,-0.0029384647496,-3.76681130732e-09,2.7309699058532715,0.00293845288111,83,-13.75,0.44318318367004395,0.179015942018,0.00701991003007,-32,0.292668,0.08816647529602051,1.34,-5,-13.3527656003,-1.18684981842e-08,244.85084199905396,6.57232835455
1.5808157920837402,999,1.52969363398e-07,-9.42579525542e-09,2.885646104812622,0.0,84,-14.8338338338,0.4301142692565918,0.239024799197,-9.42579525542e-09,-32,0.28249,0.08846616744995117,1.32643,-5,-14.4044684448,1.52969363398e-07,247.7422969341278,6.30302661909
1.6461153030395508,1000,-0.00030954243266,-9.45029743349e-09,2.4923439025878906,0.000309534331289,85,-14.723,0.4352304935455322,0.243701470999,0.00655011180788,-32,0.28247,0.09312915802001953,1.3264,-5,-14.2981518028,-8.1013711295e-09,250.2380759716034,6.32457674473
1.639441967010498,999,4.36457128217e-08,-3.34125482837e-09,2.9688339233398438,0.0,86,-15.1411411411,0.4351506233215332,0.217847895225,-3.34125482837e-09,-32,0.291832,0.09159231185913086,1.33888,-5,-14.6962614249,4.36457128217e-08,253.21132397651672,6.36487318882
1.6150238513946533,1000,-0.000641207676381,-3.33997518531e-09,2.4967470169067383,0.000641205602969,87,-14.965,0.4348733425140381,0.218438632542,0.00647553568706,-32,0.291484,0.08960390090942383,1.33841,-5,-14.5274131164,-2.07341233072e-09,255.71254110336304,6.40201335519
1.5528347492218018,1000,-0.00559554016218,2.38027664246e-09,2.7276599407196045,0.00559554816664,88,-13.095,0.4342479705810547,0.171389532013,0.00898731034249,-23,0.288433,0.09158897399902344,1.33433,-5,-12.7196088066,8.00446109395e-09,258.44528007507324,6.39562154915
1.5218572616577148,1000,-4.04357898276e-08,1.14793623496e-08,2.801745891571045,0.0,89,-13.424,0.4327528476715088,0.159413947983,1.14793623496e-08,-32,0.285721,0.08718633651733398,1.33072,-5,-13.0337115584,-4.04357898276e-08,261.2516429424286,6.40142359167
1.5629043579101562,1000,-0.000653109280393,1.14789697747e-08,2.714782953262329,0.000653094742674,90,-13.174,0.4488942623138428,0.15738897486,0.00941524654627,-32,0.28606,0.09161067008972168,1.33117,-5,-12.7907313627,-1.45377185845e-08,263.97193002700806,6.32326845864
1.573305368423462,1000,-0.0102920178324,-9.58924673e-09,2.736802101135254,0.0102920293672,91,-12.301,0.44039177894592285,0.10903916222,0.00773070286959,-32,0.262295,0.09636640548706055,1.29991,-5,-11.9388414155,1.15348450791e-08,266.71217703819275,6.1369698549
1.5099985599517822,1000,-0.00191890541464,1.81658190712e-08,2.8189949989318848,0.00191876884848,92,-13.208,0.43828821182250977,0.124253594308,0.00948401913047,-32,0.25127,0.09095382690429688,1.28566,-5,-12.8095327238,-1.36566157494e-07,269.53597497940063,5.7505422353
1.695288896560669,999,-0.0137223843485,-1.68383813559e-08,2.9241299629211426,0.0137224923089,93,-13.5835835836,0.47757863998413086,0.115330065205,0.00772842206061,-32,0.218818,0.10254979133605957,1.2446,-5,-13.1653943342,1.07960431706e-07,272.4660999774933,5.17741019691
1.5682666301727295,1000,-0.00192553747911,-1.5247941576e-08,2.7267839908599854,0.00192564877923,94,-14.328,0.44884657859802246,0.15318983684,0.00710704922676,-32,0.175122,0.09280705451965332,1.19139,-5,-13.87818908,1.11300117567e-07,275.1966829299927,4.36078158132
1.5857000350952148,1000,-9.82941855909e-05,-5.41172606727e-10,2.623106002807617,9.8291297411e-05,95,-15.163,0.44269490242004395,0.153214377729,0.00144229794387,-32,0.206246,0.09016942977905273,1.22905,-5,-14.6902786855,-2.88817991745e-09,277.8235991001129,5.19195830107
1.6260015964508057,1000,-5.11262960856e-08,-1.16932286076e-08,2.9491450786590576,0.0,96,-15.082,0.44261908531188965,0.152578726852,-1.16932286076e-08,-32,0.223695,0.09185910224914551,1.25069,-5,-14.6160782459,-5.11262960856e-08,280.7760660648346,5.55961113748
1.6795737743377686,1000,4.12775875702e-08,-1.16579732534e-08,3.00485897064209,0.0,97,-15.136,0.4406554698944092,0.158397804415,-1.16579732534e-08,-33,0.223262,0.09493732452392578,1.25015,-5,-14.6672489932,4.12775875702e-08,283.7855820655823,5.3906867837
1.6704788208007812,999,4.53586110893e-08,-1.16531042593e-08,2.9988322257995605,0.0,98,-15.3513513514,0.4420466423034668,0.178887788771,-1.16531042593e-08,-33,0.223126,0.09433722496032715,1.24998,-5,-14.8720950579,4.53586110893e-08,286.78907203674316,4.97256493952
1.6876564025878906,1000,-0.000679152493831,-1.16932428185e-08,2.867633819580078,0.000679153104534,99,-15.379,0.4380373954772949,0.157676050961,0.00691432785243,-32,0.223188,0.09335923194885254,1.25006,-5,-14.8993420169,6.10703321247e-10,289.66094493865967,5.41177965183
1.6849181652069092,1000,-0.0107420999557,2.48475036102e-08,2.890531063079834,0.0107422336996,100,-16.395,0.44388866424560547,0.192681018496,0.00805759150535,-32,0.242707,0.09358739852905273,1.2747,-5,-15.8885457861,1.33743952802e-07,292.5578329563141,5.65782422845
1.6193876266479492,1000,-0.0196570511907,5.31516075597e-09,2.795456886291504,0.0196571198892,101,-16.908,0.438232421875,0.213258571967,0.00713959848508,-32,0.260909,0.08934879302978516,1.29811,-5,-16.3916290311,6.86984975573e-08,295.3578140735626,6.08305318076
1.587836503982544,1000,-0.000457854854176,1.35839810511e-08,2.7782111167907715,0.000457880794118,102,-15.872,0.43393969535827637,0.205587466187,0.0065646301955,-32,0.290949,0.08784937858581543,1.3377,-5,-15.3953910973,2.59399417502e-08,298.1395261287689,6.3047296532
1.7754597663879395,1000,-2.83967764858e-08,1.00296473349e-08,3.118680000305176,0.0,103,-16.515,0.4427528381347656,0.253555874412,1.00296473349e-08,-42,0.2869,0.09589982032775879,1.33229,-5,-16.021809523,-2.83967764858e-08,301.2628381252289,6.10325937512
1.6227903366088867,1000,-0.0011745847296,9.95893412181e-09,2.8134148120880127,0.00117456356649,104,-16.225,0.43395519256591797,0.234576857786,0.00944910757244,-33,0.286857,0.0902707576751709,1.33223,-5,-15.7440798026,-2.11631050462e-08,304.08060812950134,6.43089223981
1.6758954524993896,999,-0.000432297907537,-1.95668032887e-08,2.7969298362731934,0.00043221265252,105,-18.0980980981,0.4339742660522461,0.28724940672,0.0098278587684,-32,0.278053,0.09227418899536133,1.32056,-5,-17.5499559044,-8.52550172681e-08,306.8817460536957,5.94388055924
1.6523363590240479,999,-2.89916997076e-08,-1.09372146895e-08,2.9738709926605225,0.0,106,-17.1581581582,0.43354320526123047,0.231443584137,-1.09372146895e-08,-33,0.281602,0.09087014198303223,1.32525,-5,-16.6367110383,-2.89916997076e-08,309.86019706726074,5.99524427901
1.7014336585998535,999,3.00287283928e-09,-1.08951550004e-08,3.0285658836364746,0.0,107,-17.1511511512,0.4328296184539795,0.228336273879,-1.08951550004e-08,-32,0.281424,0.09213137626647949,1.32501,-5,-16.6282222953,3.00287283928e-09,312.89290499687195,5.8646884612
1.6884441375732422,1000,-0.00121220864821,-1.08846531788e-08,2.885270833969116,0.00121218501127,108,-17.108,0.43378520011901855,0.221458404282,0.0068098353222,-32,0.28202,0.0906679630279541,1.32581,-5,-16.5870902359,-2.36369412931e-08,315.7816069126129,6.0613807008
1.654797077178955,998,5.14984144218e-09,-2.56823895484e-08,2.9970691204071045,0.0,109,-15.8496993988,0.44047069549560547,0.208302241396,-2.56823895484e-08,-32,0.289251,0.0937647819519043,1.33543,-5,-15.3733212482,5.14984144218e-09,318.78390312194824,6.11688543989
1.7116038799285889,999,-4.04889542551e-05,-2.5688306593e-08,2.93918514251709,4.06069120942e-05,110,-16.1681681682,0.43610382080078125,0.214743519062,0.00651158671826,-32,0.290354,0.09336328506469727,1.3369,-5,-15.6817418383,1.17957839052e-07,321.72772908210754,6.06403498242
1.6618266105651855,1000,-2.39276545244e-08,-1.07008713002e-08,2.8754730224609375,0.0,111,-16.162,0.4441533088684082,0.234850437382,-1.07008713002e-08,-32,0.291864,0.0927274227142334,1.33892,-5,-15.6799658838,-2.39276545244e-08,324.60874104499817,6.24033300393
1.6624548435211182,1000,-0.000909043184947,-1.06761639529e-08,2.582224130630493,0.000909043280257,112,-16.406,0.43372488021850586,0.244305097727,0.00655734399334,-32,0.292059,0.09252309799194336,1.33918,-5,-15.915998418,9.53102458068e-11,327.1956341266632,6.16888677153
1.5726189613342285,1000,4.04357898276e-08,5.32474953019e-09,2.840894937515259,0.0,113,-15.26,0.43802952766418457,0.243253488148,5.32474953019e-09,-32,0.288527,0.08839869499206543,1.33446,-5,-14.8139251476,4.04357898276e-08,330.040687084198,6.28970587548
1.6535060405731201,999,-0.00124238757417,5.32478861004e-09,2.8336479663848877,0.0012423620157,114,-15.2842842843,0.44164443016052246,0.237741374152,0.00653560180217,-32,0.288709,0.0934760570526123,1.3347,-5,-14.8366573684,-2.55584708952e-08,332.8790099620819,6.27587841765
1.6776325702667236,999,1.0486223001e-09,5.23026968957e-11,2.9648780822753906,0.0,115,-14.6106106106,0.44140028953552246,0.188888738704,5.23026968957e-11,-32,0.295307,0.09884953498840332,1.34354,-5,-14.1788917942,1.0486223001e-09,335.84909892082214,6.39925605094
1.648698329925537,1000,-0.000518621469382,3.97373384198e-11,2.7900590896606445,0.00051859418137,116,-14.686,0.4386444091796875,0.183008111845,0.00999662280083,-32,0.295569,0.0925900936126709,1.34389,-5,-14.2539114707,-2.72880118501e-08,338.6439709663391,6.56318550705
1.544081211090088,999,6.3560811725e-08,-1.61419535516e-08,2.853048801422119,0.0,117,-12.6556556557,0.4385700225830078,0.129094718346,-1.61419535516e-08,-32,0.287837,0.09291291236877441,1.33354,-5,-12.2891226509,6.3560811725e-08,341.50039505958557,6.48132340642
1.5644888877868652,999,1.77943881852e-08,-1.61677977673e-08,2.883665084838867,0.0,118,-13.042042042,0.4345896244049072,0.149401562986,-1.61677977673e-08,-32,0.288041,0.09157896041870117,1.33381,-5,-12.6619490703,1.77943881852e-08,344.388610124588,6.34053914671
1.556473970413208,999,-0.000814989209175,-1.61390989462e-08,2.4945321083068848,0.000814950871469,119,-12.8428428428,0.43920373916625977,0.152574665173,0.00986436847597,-32,0.287624,0.09331512451171875,1.33326,-5,-12.4705353654,-3.83377063429e-08,346.886794090271,6.15956707837
1.9377036094665527,999,-0.00301287788898,-1.98409755292e-09,3.3659720420837402,0.00301289128007,120,-13.0710710711,0.5869848728179932,0.11560786843,0.00144155067392,-32,0.273465,0.12654948234558105,1.31451,-5,-12.6813301031,1.33910891265e-08,350.2582161426544,6.1117352087
1.6474213600158691,1000,-1.26737296213e-08,-1.91071798383e-08,3.0334010124206543,0.0,121,-13.14,0.4767484664916992,0.121243779611,-1.91071798383e-08,-32,0.259022,0.10211658477783203,1.29566,-5,-12.7451906045,-1.26737296213e-08,353.29682898521423,5.96006711372
1.518066644668579,1000,-1.4656880154e-08,-1.91371860581e-08,2.7975239753723145,0.0,122,-13.363,0.43556952476501465,0.12695411417,-1.91371860581e-08,-25,0.259456,0.08844876289367676,1.29623,-5,-12.9603219598,-1.4656880154e-08,356.0990250110626,5.83602870109
1.5309367179870605,1000,-4.33358309238e-08,-1.91377758085e-08,2.8457329273223877,0.0,123,-13.002,0.4460418224334717,0.122188352754,-1.91377758085e-08,-32,0.259208,0.09607982635498047,1.2959,-5,-12.6116403489,-4.33358309238e-08,358.9481871128082,5.82528934904
1.511476755142212,1000,9.5367429509e-09,-1.91448403797e-08,2.8216850757598877,0.0,124,-13.118,0.432403564453125,0.127557064576,-1.91448403797e-08,-32,0.259256,0.089019775390625,1.29597,-5,-12.7250814094,9.5367429509e-09,361.773353099823,5.86311146065
1.533444881439209,1000,9.94682309852e-08,-1.91423588092e-08,2.8707199096679688,0.0,125,-13.676,0.4386172294616699,0.131982735127,-1.91423588092e-08,-32,0.259219,0.08923459053039551,1.29592,-5,-13.2612606534,9.94682309852e-08,364.64766907691956,5.8236607044
1.5780150890350342,1000,-0.000854423386045,-1.91285423057e-08,2.7920119762420654,0.000854362470619,126,-13.264,0.4379408359527588,0.121212201349,0.0094394357875,-32,0.259252,0.09162211418151855,1.29596,-5,-12.8644210636,-6.09154255926e-08,367.4444100856781,6.00618880822
1.6602864265441895,1000,-0.000893159362022,1.11304414574e-08,2.547044038772583,0.000893172798081,127,-14.796,0.4358546733856201,0.137050286148,0.00696929031983,-32,0.243583,0.09514951705932617,1.27581,-5,-14.3414869952,1.34360593762e-08,369.99669909477234,5.75711594464
1.5506007671356201,1000,-0.00212993077002,1.60910340608e-10,2.801669120788574,0.00212997641805,128,-13.848,0.4405701160430908,0.131983500819,0.00680719036609,-33,0.262612,0.08904242515563965,1.30032,-5,-13.4320026441,4.56480293565e-08,372.80373311042786,6.28179082746
1.6042556762695312,1000,-0.00300470064394,2.92855073525e-08,2.801424980163574,0.00300472631649,129,-14.496,0.4361081123352051,0.159179556326,0.00652490369976,-32,0.281133,0.08990287780761719,1.32463,-5,-14.0631855738,2.56725467551e-08,375.60996413230896,6.35247857139
1.6583974361419678,1000,-5.12633313576e-08,-3.42856409929e-09,2.971108913421631,0.0,130,-15.181,0.4380669593811035,0.186090880879,-3.42856409929e-09,-32,0.286109,0.09271836280822754,1.33124,-5,-14.7290306183,-5.12633313576e-08,378.58568501472473,6.57573106202
1.687058687210083,1000,-0.00024858256802,-3.42833383904e-09,2.904715061187744,0.000248578897842,131,-15.091,0.444690465927124,0.199162425525,0.0064501343295,-32,0.286012,0.09496498107910156,1.33111,-5,-14.640721835,-3.67017793934e-09,381.49552392959595,6.31226734225
1.6742959022521973,1000,-0.00514259655029,6.5797509663e-09,2.6524829864501953,0.00514263155997,132,-16.495,0.45225071907043457,0.238989837825,0.00925842113793,-32,0.276662,0.09358596801757812,1.31872,-5,-16.0013925537,3.50096840407e-08,384.1524360179901,6.30126772959
1.599816083908081,1000,3.08990486531e-08,-1.85026804989e-09,2.7210121154785156,0.0,133,-17.492,0.43286895751953125,0.330450684687,-1.85026804989e-09,-32,0.254582,0.08839964866638184,1.28992,-5,-16.9717177185,3.08990486531e-08,386.87680196762085,5.67397003869
1.6742136478424072,1000,-0.00023335251899,-1.85283988152e-09,2.533702850341797,0.000233318595324,134,-17.01,0.4409818649291992,0.314134119705,0.00858046486974,-32,0.254492,0.09169483184814453,1.28981,-5,-16.5052134088,-3.39236656544e-08,389.41422295570374,5.94742801554
1.7921545505523682,1000,-3.22084261484e-08,6.02606231581e-09,3.0833449363708496,0.0,135,-18.081,0.4380636215209961,0.37944073408,6.02606231581e-09,-32,0.221463,0.09331178665161133,1.2479,-5,-17.5463558989,-3.22084261484e-08,392.50180196762085,5.60236012766
1.638803482055664,1000,-0.000792813138105,6.02573457797e-09,2.78332781791687,0.000792823056318,136,-18.473,0.44042086601257324,0.428963468146,0.00846131518483,-32,0.221598,0.09054088592529297,1.24807,-5,-17.9244383039,9.91821291763e-09,395.28959798812866,5.10698257291
1.7556264400482178,1000,-0.00528557226062,-2.3200422139e-10,2.906193971633911,0.00528555050927,137,-19.203,0.44042372703552246,0.474683211511,0.0048232874833,-33,0.187526,0.09387063980102539,1.20626,-5,-18.6315271089,-2.17513456136e-08,398.20049500465393,4.88198637851
1.845475196838379,1000,-0.00138910789974,1.28074590933e-08,3.021723985671997,0.00138905244026,138,-18.324,0.4403190612792969,0.453370499487,0.00957942940295,-32,0.191832,0.09430241584777832,1.21147,-5,-17.7828079016,-5.54594770108e-08,401.225821018219,4.99610087969
1.7075645923614502,1000,-0.000554799393285,-2.67155519929e-09,2.5340139865875244,0.000554808775719,139,-19.649,0.43640637397766113,0.477209082365,0.00917922705412,-32,0.185565,0.08980441093444824,1.2039,-5,-19.058475044,9.3824334968e-09,403.7643220424652,4.75749923805
1.8689751625061035,999,-0.00260470481589,-2.07441921418e-08,3.043070077896118,0.00260467527562,140,-20.6936936937,0.4391176700592041,0.522565950382,0.0088257631287,-32,0.175771,0.09329938888549805,1.19216,-5,-20.0606933677,-2.95402724504e-08,406.81210494041443,4.40745912814
1.870025634765625,1000,-0.00410914188251,-3.9605999036e-10,3.0566508769989014,0.00410906706396,141,-21.707,0.4422593116760254,0.604166966729,0.00725477933884,-43,0.136803,0.0927114486694336,1.1466,-5,-21.0376459103,-7.4818544249e-08,409.87226605415344,3.92621331565
1.7782437801361084,1000,-2.25930438802e-08,-2.59240007239e-09,3.1791059970855713,0.0,142,-20.842,0.4434792995452881,0.534580328726,-2.59240007239e-09,-32,0.170984,0.0916590690612793,1.18647,-5,-20.2051628087,-2.25930438802e-08,413.0568690299988,4.32146225253
1.876845121383667,998,1.94394047526e-08,-2.52688625579e-09,3.2746949195861816,0.0,143,-20.5160320641,0.44759035110473633,0.520536080631,-2.52688625579e-09,-32,0.170836,0.19016432762145996,1.1863,-5,-19.8865073002,1.94394047526e-08,416.3362090587616,4.36616195616
1.873948097229004,999,-0.0318858809769,-2.56244092611e-09,3.0206069946289062,0.0318858653492,144,-20.8018018018,0.43904852867126465,0.533586446389,0.00889917369932,-32,0.170779,0.09329342842102051,1.18623,-5,-20.1656532987,-1.56277568664e-08,419.361310005188,4.28755640157
1.807551383972168,996,-0.00961597915739,3.47491768693e-09,2.959218978881836,0.00961594039053,145,-20.0110441767,0.43779993057250977,0.481923958777,0.00705055845901,-34,0.193912,0.0920414924621582,1.21399,-5,-19.4005482128,-3.87668599444e-08,422.32510209083557,4.71293172195
1.8207483291625977,998,-0.0473436303437,-1.05776032377e-09,3.0160858631134033,0.0473436448395,146,-19.7905811623,0.4436962604522705,0.487234961766,0.00885290000588,-32,0.169241,0.0997309684753418,1.18441,-5,-19.1917660659,1.44958498538e-08,425.3463411331177,4.76241458172
1.702868938446045,998,-0.0490976572037,9.51858325493e-09,2.854495048522949,0.0490975883558,147,-18.4509018036,0.4416787624359131,0.422993049167,0.00897020753473,-25,0.185814,0.09141039848327637,1.2042,-5,-17.9020168887,-6.88478891675e-08,428.20532298088074,5.4023573668
1.6793732643127441,999,-0.0399950295687,7.62670104848e-09,2.858613967895508,0.0399950747042,148,-18.042042042,0.4471423625946045,0.387451819169,0.00714805303141,-25,0.193435,0.09143614768981934,1.21341,-5,-17.5088674076,4.5135529092e-08,431.06734108924866,5.80447466705
1.69881272315979,999,-0.00483549572527,-4.03645872282e-09,2.8791580200195312,0.00483549258004,149,-16.9269269269,0.43849658966064453,0.379197168486,0.00672809267417,-32,0.215379,0.09238386154174805,1.24033,-5,-16.438557149,-3.14523806999e-09,433.951828956604,5.88390057289
1.7784531116485596,999,-0.00782582163811,4.18815915282e-09,2.9536519050598145,0.00782586572481,150,-17.7807807808,0.44193482398986816,0.42432123627,0.00647252984345,-32,0.217665,0.09388566017150879,1.24317,-5,-17.2652845248,4.40867005125e-08,436.90962290763855,5.43898644644
1.5757653713226318,1000,-0.00640223687515,9.06104080656e-10,2.766342878341675,0.00640218804702,151,-17.033,0.4478600025177002,0.435257690138,0.00678423559293,-32,0.199017,0.08765745162963867,1.2202,-5,-16.5438087044,-4.88281237665e-08,439.6805109977722,5.1656472005
1.8182389736175537,1000,-0.00850039348006,2.80058509716e-09,3.0921709537506104,0.00850042391394,152,-17.665,0.44539976119995117,0.385806694528,0.00569629343227,-32,0.209845,0.09457945823669434,1.23349,-5,-17.1493074497,3.04338776402e-08,442.7780020236969,5.72597371632
1.6365227699279785,1000,-0.0216277092695,6.33962743413e-11,2.838757038116455,0.0216277624845,153,-18.383,0.4474222660064697,0.382183982089,0.00632615247741,-32,0.243892,0.08928704261779785,1.27621,-5,-17.8431241121,5.32150252752e-08,445.622132062912,5.88679123122
1.6480283737182617,1000,-0.019101858139,2.44470435007e-08,2.8445911407470703,0.019101950264,154,-18.248,0.4385032653808594,0.316807370831,0.00826765596867,-50,0.300851,0.08745050430297852,1.35101,-5,-17.7284616989,9.21249423413e-08,448.47101497650146,6.88494705862
1.7445547580718994,998,-0.0290867239237,1.51868706499e-09,2.931986093521118,0.0290867231607,155,-17.3647294589,0.43897175788879395,0.292514214098,0.00609925249591,-50,0.328363,0.09290838241577148,1.38869,-5,-16.8853239665,-7.62939433852e-10,451.40684509277344,7.45603267989
1.7005765438079834,1000,-0.0352363362908,1.71885772282e-09,2.9362239837646484,0.0352363286675,156,-16.164,0.4436185359954834,0.239400667605,0.00847046077251,-50,0.321156,0.09376239776611328,1.37872,-5,-15.707265716,-7.62329577242e-09,454.3486211299896,7.49287021107
1.6506373882293701,1000,-0.00635733269155,-1.34611877201e-09,2.8743040561676025,0.00635734575428,157,-15.315,0.4476437568664551,0.186855744242,0.00919238291681,-50,0.318691,0.09413266181945801,1.37533,-5,-14.884361196,1.3062726012e-08,457.2276999950409,7.9530984528
1.6018495559692383,999,-0.0046447115019,1.86036537286e-08,2.8312268257141113,0.00464477010518,158,-13.8788788789,0.43688106536865234,0.174092559236,0.00667484896258,-50,0.294499,0.09280133247375488,1.34245,-5,-13.4944625496,5.8603287556e-08,460.06341314315796,8.17540100092
1.6558523178100586,1000,-0.0286061000079,2.1465320188e-08,2.8316781520843506,0.0286061794808,159,-14.589,0.4368133544921875,0.162527428919,0.00844258256257,-50,0.318386,0.09339380264282227,1.37491,-5,-14.1881581893,7.9472862069e-08,462.89870500564575,8.60825644367
1.5294523239135742,1000,-0.0232288390398,-1.15004139545e-09,2.72645902633667,0.0232287648685,160,-12.489,0.44225454330444336,0.13333939578,0.00954506918788,-51,0.280999,0.08859682083129883,1.32445,-5,-12.1494902803,-7.41713392927e-08,465.62877106666565,8.51304170083
1.4648776054382324,1000,-0.0152028407902,1.02669284185e-09,2.6114377975463867,0.0152028391934,161,-11.23,0.43335676193237305,0.122979649372,0.00741327228025,-32,0.231668,0.08845019340515137,1.2607,-5,-10.926194937,-1.59676571965e-09,468.2448809146881,8.16401249387
1.5074596405029297,1000,-0.0199653655291,7.13222636506e-09,2.6632511615753174,0.0199653546019,162,-11.113,0.4455268383026123,0.119430257065,0.00691473996267,-51,0.235269,0.0951077938079834,1.26525,-5,-10.8170483921,-1.09271214299e-08,470.9130139350891,8.31554153378
1.5266058444976807,1000,1.47492604796e-08,-7.8912814061e-09,2.8776800632476807,0.0,163,-11.087,0.44730329513549805,0.126250870182,-7.8912814061e-09,-50,0.218691,0.09570145606994629,1.24445,-5,-10.7864758155,1.47492604796e-08,473.79411697387695,8.08315724207
1.4496371746063232,1000,-0.00505136139691,-8.02849253745e-09,2.71297287940979,0.00505140219785,164,-10.051,0.44144606590270996,0.116507290659,0.00826673023403,-41,0.223712,0.09272074699401855,1.25071,-5,-9.78555590061,4.08009412922e-08,476.5118079185486,7.60173657791
1.4107389450073242,1000,-0.00272706057876,9.33522059654e-09,2.5586400032043457,0.00272701433183,165,-9.438,0.44063615798950195,0.135616466928,0.00926394853741,-50,0.189785,0.09148907661437988,1.20899,-5,-9.20142640019,-4.62469351703e-08,479.0741329193115,7.58512728964
1.4223353862762451,1000,-8.01745656531e-08,-1.20431373207e-10,2.7152719497680664,0.0,166,-9.708,0.4339759349822998,0.152671357978,-1.20431373207e-10,-51,0.197451,0.0924680233001709,1.21829,-5,-9.4781234414,-8.01745656531e-08,481.79282093048096,8.07234389753
1.4142413139343262,1000,-2.78544192156e-08,-7.83258666259e-11,2.7412681579589844,0.0,167,-9.62,0.43639087677001953,0.153562300408,-7.83258666259e-11,-51,0.194933,0.08755135536193848,1.21523,-5,-9.38560053694,-2.78544192156e-08,484.5386109352112,7.94163711082
1.4347314834594727,1000,2.14490925021e-10,-9.23297410749e-11,2.7688241004943848,0.0,168,-9.601,0.4425792694091797,0.153308583588,-9.23297410749e-11,-51,0.194916,0.09019231796264648,1.21521,-5,-9.36681888126,2.14490925021e-10,487.3120291233063,8.17910746964
1.413525104522705,1000,1.71235257085e-08,-1.64442001682e-10,2.736380100250244,0.0,169,-9.448,0.4396779537200928,0.151412498132,-1.64442001682e-10,-50,0.196091,0.09065818786621094,1.21664,-5,-9.223139082,1.71235257085e-08,490.0525059700012,7.99708046727
1.4279587268829346,1000,1.03432293841e-08,-1.00269834102e-10,2.7578837871551514,0.0,170,-9.817,0.4354534149169922,0.149004791243,-1.00269834102e-10,-50,0.196172,0.09372210502624512,1.21674,-5,-9.57873261144,1.03432293841e-08,492.8152320384979,8.11390849098
1.4126837253570557,1000,-0.00236319541,-1.43776712758e-10,2.5884270668029785,0.00236332026643,171,-9.503,0.4403719902038574,0.1513347927,0.00782942213118,-51,0.196829,0.09160065650939941,1.21754,-5,-9.27809540941,1.24856427419e-07,495.4072139263153,8.11295205212
1.4418907165527344,1000,-0.00840516202152,2.97852564834e-09,2.577728033065796,0.00840524503887,172,-10.454,0.4369533061981201,0.154799093582,0.008848994039,-50,0.215924,0.09071040153503418,1.24101,-5,-10.2060310628,8.30173476629e-08,497.98964405059814,8.65481854229
1.4739224910736084,1000,-0.00818631332368,2.85120691501e-08,2.634294033050537,0.00818637245568,173,-10.635,0.440305233001709,0.180816084253,0.00760492263362,-50,0.238083,0.09147834777832031,1.26881,-5,-10.4044775463,5.9131998853e-08,500.62853598594666,9.07170188002
1.4203360080718994,1000,-0.00127525441349,3.42713164514e-08,2.711860179901123,0.00127538984934,174,-9.197,0.44373464584350586,0.211724101089,0.00198750803247,-50,0.186154,0.09497523307800293,1.20461,-5,-9.0193244786,1.35435854531e-07,503.3437581062317,8.13290790554
1.4188792705535889,1000,-0.00110727665015,-2.90518489265e-08,2.5951828956604004,0.00110729708636,175,-9.34,0.44466161727905273,0.207987358974,0.00907550100237,-51,0.202697,0.09266519546508789,1.2247,-5,-9.1517386377,2.04362180511e-08,505.9434070587158,8.18366665988
1.4499588012695312,1000,6.83034429017e-08,-8.71574812322e-09,2.7917721271514893,0.0,176,-10.465,0.4430806636810303,0.254389839045,-8.71574812322e-09,-50,0.232996,0.08994722366333008,1.26238,-5,-10.2783754393,6.83034429017e-08,508.7398750782013,9.5260051963
1.446779727935791,999,-0.00129914050922,-8.7328908549e-09,2.640955924987793,0.00129904762134,177,-10.1581581582,0.43991851806640625,0.250870699932,0.00655377656221,-50,0.232833,0.0922231674194336,1.26217,-5,-9.97387668,-9.28878804984e-08,511.3857889175415,9.11164271929
1.5357334613800049,1000,-0.380108594894,-6.9127586988e-10,2.718229055404663,0.380108594132,178,-11.133,0.4471914768218994,0.193333740494,0.00260839797556,-50,0.240225,0.08871078491210938,1.27153,-5,-10.9057120143,-7.62329588344e-10,514.1091361045837,9.46220434148
1.4482731819152832,1000,-1.30081176053e-07,-3.28911076153e-09,2.582904815673828,0.0,179,-10.598,0.4345693588256836,0.208777410028,-3.28911076153e-09,-50,0.226546,0.08673715591430664,1.25426,-5,-10.3871704394,-1.30081176053e-07,516.6954100131989,9.22715535796
1.4607973098754883,999,-2.20870970224e-06,-2.92206614461e-09,2.5618228912353516,2.02522276993e-06,180,-10.3383383383,0.4481935501098633,0.22133569028,7.36370420782e-05,-50,0.225778,0.09578227996826172,1.2533,-5,-10.1372802386,-1.83486932315e-07,519.2606649398804,9.01015118997
1.4518814086914062,999,6.52540355084e-10,-9.26715948424e-09,2.586945056915283,0.0,181,-10.4474474474,0.4388301372528076,0.204876011313,-9.26715948424e-09,-50,0.2265,0.0915067195892334,1.2542,-5,-10.2396811191,6.52540355084e-10,521.852292060852,9.02388061825
1.4648828506469727,1000,3.30924976311e-08,-9.37754496277e-09,2.594343900680542,0.0,182,-10.436,0.43956565856933594,0.206353044586,-9.37754496277e-09,-50,0.225552,0.08776473999023438,1.25301,-5,-10.2295159987,3.30924976311e-08,524.4512231349945,8.91492591108
1.464780330657959,999,-0.000135669164592,-9.28291843394e-09,2.653975009918213,0.000135664574835,183,-10.2042042042,0.44429707527160645,0.193941762008,0.00092847290216,-50,0.227228,0.09201741218566895,1.25512,-5,-10.004030002,-4.58975746298e-09,527.1097500324249,8.21302600376
1.4639244079589844,1000,1.45465395285e-09,-1.39262628096e-08,2.6449999809265137,0.0,184,-10.518,0.4507021903991699,0.217050620859,-1.39262628096e-08,-51,0.237072,0.09048295021057129,1.26753,-5,-10.3211471447,1.45465395285e-09,529.7582409381866,8.70825332659
1.4714770317077637,1000,-0.00414545694366,-1.37281315205e-08,2.659271001815796,0.00414546233192,185,-11.003,0.4381601810455322,0.20660032209,0.00611743377522,-50,0.236113,0.08767056465148926,1.26632,-5,-10.7879905699,5.38826006036e-09,532.4219529628754,9.22274313857
1.4973371028900146,1000,2.50304346139e-08,-2.96454718551e-08,2.84952712059021,0.0,186,-11.067,0.44678497314453125,0.258357229993,-2.96454718551e-08,-50,0.263129,0.08994126319885254,1.30099,-5,-10.8762462631,2.50304346139e-08,535.2762451171875,9.65808008871
1.527522087097168,1000,1.6976477113e-08,-2.96020292723e-08,2.8750669956207275,0.0,187,-11.427,0.4526650905609131,0.255312254514,-2.96020292723e-08,-50,0.26097,0.09661006927490234,1.29819,-5,-11.2187355418,1.6976477113e-08,538.1556389331818,10.1444896865
1.544142246246338,1000,-0.0541649237275,-2.8815803077e-08,2.7456510066986084,0.0541649470298,188,-12.408,0.43653154373168945,0.260406746135,0.00702110398561,-50,0.260387,0.0911104679107666,1.29743,-5,-12.1756997571,2.33022454665e-08,540.9062280654907,11.3038726107
1.5590453147888184,1000,-0.00450459495187,2.43309585812e-08,2.5304579734802246,0.0045045655787,189,-13.055,0.43439769744873047,0.256106386848,0.00613755034283,-50,0.315112,0.08712482452392578,1.37041,-5,-12.806160878,-2.93731687862e-08,543.440938949585,11.4832911223
1.6169629096984863,1000,-0.155361443758,-2.70530065016e-09,2.778977870941162,0.155361337709,190,-14.63,0.432659387588501,0.250317330557,0.00865481421351,-50,0.373286,0.08646821975708008,1.4525,-5,-14.3431151748,-1.06048581472e-07,546.2246279716492,11.8619180574
1.6397185325622559,1000,-0.0442631915212,-9.9534114284e-09,2.8067119121551514,0.0442631356359,191,-15.224,0.43692612648010254,0.263639286595,0.00318173109554,-50,0.398999,0.08788490295410156,1.49033,-5,-14.925724018,-5.58853159305e-08,549.0351769924164,12.2727268364
1.6520180702209473,1000,-0.0185545161366,6.03513683473e-10,2.874284029006958,0.0185544953942,192,-14.54,0.4517977237701416,0.267329838178,0.00989883858711,-50,0.407693,0.11202025413513184,1.50335,-5,-14.2625522201,-2.0742415785e-08,551.9128789901733,11.6528279829
1.560798168182373,1000,-0.00521363737062,3.09447756308e-08,2.810732126235962,0.00521363794282,193,-11.147,0.4626431465148926,0.173007488998,0.0076520270668,-50,0.353328,0.09061694145202637,1.4238,-5,-10.9276676195,5.72204617022e-10,554.7269229888916,8.70961485945
1.755998134613037,1000,-0.305521398783,-8.5245668302e-09,2.9679250717163086,0.305521422052,194,-13.586,0.4653475284576416,0.21015334156,0.00858724862337,-50,0.397261,0.10220766067504883,1.48774,-5,-13.294931332,2.32696528712e-08,557.6995351314545,10.472086898
2.0040552616119385,264,-0.0227381959558,1.19991883096e-09,3.155714988708496,0.0227380945682,195,-89.4166666667,0.4798583984375,0.00633942833198,0.00694915931672,-10334,0.624028,0.06577849388122559,1.86643,-5,-15.7000899411,-1.01387598761e-07,560.8598740100861,883.738880961
3.2966883182525635,71,-0.0179521106184,-2.30499797027e-08,4.8449928760528564,0.0179522571252,196,-41.1549295775,0.7317509651184082,-1.79991520404,0.0054408791475,-2081,0.673327,0.08648800849914551,1.96075,1949,-13.2291022805,1.46506820897e-07,565.7083249092102,416.460831152
3.388050079345703,148,-0.0153023591265,-3.00493008254e-09,5.186638116836548,0.0153023068314,197,-210.445945946,0.7851662635803223,0.0898573007426,0.0071843508631,-10748,0.645899,0.0966939926147461,1.9077,-5,-18.5961593122,-5.22950607262e-08,570.9000399112701,1408.99209368
3.405808210372925,132,-0.0372046418488,1.70453837711e-08,5.003142833709717,0.0372048873188,198,-179.954545455,0.7735867500305176,0.0213603268511,0.00770671758801,-10430,0.650733,0.09212183952331543,1.91695,-5,-17.3328701828,2.45470033633e-07,575.9080150127411,1261.51701524
3.4852585792541504,131,-0.0323076546192,-2.6412814158e-09,5.112680912017822,0.0323077139535,199,-246.564885496,0.7738642692565918,0.784890548235,0.00800389423966,-12051,0.648969,0.09219002723693848,1.91357,-5,-21.2125282501,5.93342868171e-08,581.024286031723,1554.72849351
3.2704060077667236,43,-0.0463292896748,-5.10450632873e-08,4.808065176010132,0.046329185965,200,-56.6279069767,0.7398490905761719,-3.07268260961,0.00711619434878,-2072,0.678489,0.08635163307189941,1.9709,1972,-11.3981880913,-1.03709766108e-07,585.838436126709,534.889209274
1.2966885566711426,1000,-0.00112618040293,-1.77934147416e-08,2.5151710510253906,0.00112630781382,201,-6.467,0.4434802532196045,-1.38226420057,0.00781909748912,-32,0.155324,0.09433293342590332,1.16804,-5,-6.33803097259,1.27410885398e-07,588.3569800853729,3.71549606378
1.2430670261383057,1000,-0.00225521065295,-3.21813742321e-10,2.40152907371521,0.0022551797539,202,-5.702,0.447343111038208,0.339200024062,0.00857981480658,-23,0.0920169,0.0895383358001709,1.09638,-5,-5.58636815143,-3.08990486531e-08,590.7634060382843,2.5758874199
1.2544043064117432,1000,-0.0014487716835,-7.07519598464e-11,2.4787509441375732,0.00144874192886,203,-5.918,0.43840646743774414,0.241054131476,0.00876014120877,-23,0.0750283,0.08768510818481445,1.07791,-5,-5.7884775922,-2.97546378647e-08,593.2466900348663,2.75341170187
1.3159112930297852,999,-4.36218741129e-08,-1.07126059135e-08,2.5714221000671387,0.0,204,-6.77177177177,0.4502263069152832,0.145731687201,-1.07126059135e-08,-23,0.115677,0.0961461067199707,1.12263,-5,-6.60771429883,-4.36218741129e-08,595.8241040706635,3.66242779332
1.287961721420288,999,-8.56943405125e-09,-1.06162749702e-08,2.637730836868286,0.0,205,-6.66366366366,0.4393126964569092,0.144610358058,-1.06162749702e-08,-23,0.115954,0.09454107284545898,1.12294,-5,-6.50184659765,-8.56943405125e-09,598.4657311439514,3.53885779673
1.2838034629821777,1000,-0.000206122829695,-1.06275654943e-08,2.164457082748413,0.000206146018547,206,-6.73,0.4334566593170166,0.144295358448,0.00797134824097,-23,0.115757,0.09027647972106934,1.12272,-5,-6.5677462855,2.31888517277e-08,600.6352190971375,3.67900801847
1.261204481124878,1000,-0.000321518979035,-5.55366952426e-09,2.134338855743408,0.000321534987958,207,-5.976,0.4444904327392578,0.220890867355,0.0073313084431,-23,0.0802898,0.08948278427124023,1.0836,-5,-5.84271355414,1.60089221879e-08,602.7748010158539,2.87913598151
1.2046442031860352,1000,-0.000398641452193,3.81653642023e-09,2.0385689735412598,0.000398642787337,208,-5.288,0.43230271339416504,0.516510923771,0.00598351890221,-14,0.0483034,0.08644437789916992,1.04949,-5,-5.18091503653,1.33514399536e-09,604.8179271221161,1.584
1.258270502090454,1000,-3.21655279549e-05,6.6980603286e-09,2.109663963317871,3.20823675537e-05,209,-5.999,0.4382779598236084,0.212955680173,0.00770771270618,-23,0.0763811,0.08768200874328613,1.07937,-5,-5.86389612655,-8.31604012319e-08,606.9309930801392,2.85569588717
1.2832059860229492,1000,-0.000128820727696,-1.01726360668e-08,2.2665250301361084,0.000128753592037,210,-6.685,0.4333524703979492,0.13579465257,0.00816220324486,-14,0.105283,0.09259581565856934,1.11102,-5,-6.52001252785,-6.713565881e-08,609.2026529312134,3.50881390216
1.4498193264007568,269,-0.0120621640235,4.8732214708e-08,2.680666208267212,0.0120620518684,211,-16.3345724907,0.5044760704040527,-1179.69947918,0.00822029076517,-2054,0.104286,0.07219147682189941,1.10992,-5,-7.66218521757,-1.12155092324e-07,611.8867061138153,127.208751664
1.5131676197052002,409,-0.0144424811006,1.23847119227e-08,2.7729709148406982,0.0144431460878,212,-19.8606356968,0.5100626945495605,0.0378450644239,0.00753112137318,-2954,0.185858,0.08038616180419922,1.20425,-5,-7.21051068882,6.64987283017e-07,614.6648869514465,187.522328296
1.4585528373718262,268,-0.0252305008471,-8.91736906539e-09,2.566011905670166,0.0252302298801,213,-8.99253731343,0.4677553176879883,-0.441119619308,0.00681340461597,-2045,0.271095,0.06638002395629883,1.3114,1631,-7.32888138252,-2.70967035476e-07,617.2353870868683,159.755783595
1.3641417026519775,185,-0.00220615114085,-1.44530316604e-08,2.4035258293151855,0.00220612828108,214,-10.4756756757,0.43831372261047363,-0.286464936549,0.00869895983487,-2045,0.25607,0.06350517272949219,1.29184,1585,-8.48845080841,-2.28597691887e-08,619.6422700881958,190.195378074
1.3508551120758057,253,-0.0187652539462,-1.15365483833e-09,2.450784921646118,0.0187653511777,215,-27.7707509881,0.45264744758605957,-4.57636117411,0.00541007053107,-2738,0.172274,0.06596088409423828,1.188,-5,-8.51019755513,9.7231492191e-08,622.0976250171661,226.090529837
1.3878231048583984,217,-0.00680983997881,1.22525500856e-09,2.531338930130005,0.00680999134309,216,-13.5944700461,0.4666173458099365,-0.34973655697,0.0073648202233,-2045,0.165442,0.06403684616088867,1.17991,794,-8.62388283872,1.5136427578e-07,624.633887052536,148.565588758
2.107633352279663,184,-0.000329900532961,-5.06067188155e-08,3.465144157409668,0.000329717389718,217,-28.5434782609,0.7427945137023926,0.0876745017963,0.00759437168017,-2324,0.0964203,0.0964663028717041,1.10122,642,-9.61044438163,-1.83143242793e-07,628.1039950847626,232.891858327
1.6841635704040527,475,-0.00773842865601,9.49036671472e-09,3.1183619499206543,0.00773829726056,218,-16.0884210526,0.585674524307251,-1.35973749034,0.00896217674017,-2099,0.0775549,0.08944869041442871,1.08064,-5,-7.57082759757,-1.3139545274e-07,631.2266020774841,134.044017015
1.2497262954711914,183,-0.00341742183082,2.24939959992e-08,2.3172709941864014,0.00341742276046,219,-12.4535519126,0.4352107048034668,-0.164043928121,0.00752549665049,-2045,0.113048,0.06022310256958008,1.11969,1163,-8.62260400893,9.29646526426e-10,633.5476739406586,173.685057529
1.9638617038726807,841,-0.0017741008196,-4.00837869841e-11,3.5799269676208496,0.00177335868989,220,-8.79904875149,0.6836867332458496,-0.308843306494,0.0064531872049,-1150,0.146032,0.11337041854858398,1.15723,-5,-7.34981781734,-7.42129714126e-07,637.1310229301453,39.5671743151
1.452976942062378,448,-0.0101388497278,1.36543416573e-08,2.719944953918457,0.0101386670586,221,-15.5870535714,0.508547306060791,-0.249588320018,0.00999381486326,-2117,0.14702,0.08091473579406738,1.15838,-5,-7.68089623557,-1.8266916868e-07,639.8548269271851,123.431124202
1.3259425163269043,778,-0.0216245148331,-1.23583768219e-10,2.5070228576660156,0.021624907147,222,-6.96401028278,0.46874570846557617,0.89278979451,0.00629199948162,-649,0.166546,0.08707547187805176,1.18122,-5,-6.11442406947,3.9231386495e-07,642.3652119636536,23.1511461594
1.7061843872070312,845,-0.00362250790931,2.39426878323e-09,3.2737720012664795,0.0036211799661,223,-9.21775147929,0.605841875076294,-603.076066421,0.00845587253571,-2027,0.177955,0.10945343971252441,1.19477,-5,-6.74323886879,-1.32794320962e-06,645.6454150676727,69.5247768506
1.2348816394805908,594,-1.3427131762e-07,3.1049354754e-10,2.2527339458465576,0.0,224,-9.01178451178,0.44052648544311523,0.950547908313,3.1049354754e-10,-1245,0.222107,0.07734441757202148,1.24871,-5,-6.86423529922,-1.3427131762e-07,647.9031999111176,50.8527437276
1.2445735931396484,513,6.02970899877e-08,8.41762715087e-10,2.4680027961730957,0.0,225,-10.5126705653,0.44209790229797363,0.873869250855,8.41762715087e-10,-1034,0.229264,0.07431840896606445,1.25767,-5,-7.3234242276,6.02970899877e-08,650.3758771419525,54.591807389
1.3618903160095215,576,-0.012479474768,5.87778548056e-10,2.5390400886535645,0.0124793724841,226,-9.73611111111,0.48504090309143066,0.952790596792,0.00865952670574,-1048,0.211064,0.08118247985839844,1.23499,-5,-7.08979054757,-1.02283948422e-07,652.9183139801025,49.0917488698
1.2037951946258545,862,-0.0121790207922,6.39868646957e-09,2.406222105026245,0.0121790455878,227,-6.06148491879,0.4393744468688965,0.126321309078,0.00770330103114,-24,0.178305,0.08626198768615723,1.19519,-5,-5.90150611267,2.47955327382e-08,655.3278810977936,2.13894972257
1.2706565856933594,687,-0.00136296858545,2.52618759244e-12,2.450870990753174,0.00136322303999,228,-8.26491994178,0.46173691749572754,-40777098.7456,0.00892911944538,-1203,0.169008,0.08573293685913086,1.18413,-5,-6.4847899509,2.54454533888e-07,657.7834620475769,45.7107510083
1.2203924655914307,466,-0.00245579541661,-1.92590565717e-09,2.300434112548828,0.00245574547211,229,-9.06223175966,0.4363522529602051,-4.91999757282,0.00629029935226,-2054,0.0979452,0.07280349731445312,1.1029,556,-5.71506062823,-4.99445000912e-08,660.0884771347046,98.3595401143
1.336205005645752,635,-0.00305647938512,-1.2541939709e-09,2.5419650077819824,0.00305645061506,230,-8.95275590551,0.477184534072876,0.975965721207,0.00987715087831,-2027,0.0829353,0.08442378044128418,1.08647,-5,-5.78687644446,-2.87700636648e-08,662.6338210105896,80.1756200566
1.2779693603515625,956,-0.00890271831304,-3.12167132421e-11,2.4285731315612793,0.00890265365392,231,-6.89644351464,0.44095945358276367,0.130190394854,0.00887290760875,-16,0.159102,0.09117746353149414,1.17246,-5,-6.71499141336,-6.46591189479e-08,665.0658330917358,3.57565394843
1.293276309967041,983,-0.00247899862006,-4.79797061456e-12,2.514496088027954,0.00247893685902,232,-6.85656154629,0.4458348751068115,0.127672786823,0.00807632971555,-16,0.129789,0.0931253433227539,1.13859,-5,-6.68132651613,-6.17610425024e-08,667.585825920105,3.60693002842
1.2844979763031006,599,1.12779139272e-06,4.71934979984e-09,2.296562910079956,0.0,233,-11.3071786311,0.43073582649230957,-4452259.91714,4.71934979984e-09,-2000,0.0858779,0.07651686668395996,1.08967,-5,-7.91799326258,1.12779139272e-06,669.8857760429382,81.4341554141
1.2890994548797607,597,-0.00308927893639,4.74078332147e-09,2.410377025604248,0.00308928017567,234,-11.1675041876,0.43773579597473145,0.981388442549,0.00783767551184,-2000,0.0863877,0.07845354080200195,1.09023,-5,-7.7745026642,1.23928090012e-09,672.3009459972382,81.5711017405
1.3485300540924072,999,-0.000300595827866,-2.04567274231e-09,2.2551941871643066,0.0003006628816,235,-7.63663663664,0.45413708686828613,0.00126460096243,0.00688069686294,-23,0.132006,0.09490799903869629,1.14112,-5,-7.43454676269,6.70537332326e-08,674.5614309310913,4.1194743801
1.505892038345337,345,-1.44146042658e-07,5.56486989822e-09,2.838027000427246,0.0,236,-27.1449275362,0.4910867214202881,-4931.11199013,5.56486989822e-09,-3526,0.229711,0.07417154312133789,1.25824,-5,-9.53872127171,-1.44146042658e-07,677.4060730934143,240.817513168
1.3855416774749756,233,-0.00127182377037,5.53299406292e-09,2.4758808612823486,0.0012717858895,237,-36.4506437768,0.44202613830566406,0.912934651946,0.00812259595841,-3781,0.239174,0.06126523017883301,1.2702,-5,-9.65378577704,-3.78808628909e-08,679.8864099979401,304.146746279
1.3633992671966553,200,-0.00323696644045,1.27669008698e-09,2.4920589923858643,0.00323702519539,238,-17.3,0.4579179286956787,-0.356972241336,0.00742202671245,-2063,0.130521,0.06269526481628418,1.13942,457,-11.0883389543,5.87549315867e-08,682.3836410045624,150.111258738
1.387918472290039,399,-0.0383597835898,-1.04180031268e-09,2.522304058074951,0.038360170424,239,-20.1328320802,0.4475078582763672,-2.11229919889,0.00680095376447,-2108,0.127539,0.0713357925415039,1.13603,-5,-10.8230899526,3.8683413095e-07,684.910747051239,136.469115365
1.4168891906738281,396,-0.0276241451502,3.29329258308e-10,2.6136980056762695,0.0276239691173,240,-11.0050505051,0.4690873622894287,-0.911492377053,0.00650789914653,-2072,0.150898,0.07228708267211914,1.16288,1277,-8.78936049908,-1.76032912691e-07,687.5276679992676,122.227536511
1.501781702041626,873,-0.00799477659166,2.14329953785e-09,2.745271921157837,0.0079940747824,241,-11.049255441,0.4775991439819336,0.871795050407,0.00455214548856,-1161,0.132926,0.09208989143371582,1.14217,-5,-9.5652880616,-7.01809256043e-07,690.2788231372833,39.2026029774
1.4102039337158203,1000,-4.15469614268e-08,6.83066581075e-09,2.6897530555725098,0.0,242,-9.144,0.4443526268005371,0.0825472359865,6.83066581075e-09,-16,0.141262,0.09469246864318848,1.15173,-5,-8.88147538905,-4.15469614268e-08,692.9743230342865,4.48678771506
1.3760731220245361,895,-0.0111721502617,5.48425838076e-09,2.5610640048980713,0.0111721320776,243,-9.69162011173,0.4385073184967041,0.287896948078,0.00552766909823,-602,0.13352,0.09782648086547852,1.14284,-5,-8.89440446276,-1.81840640323e-08,695.5398700237274,20.3080435712
1.415337324142456,999,-0.000805458053946,-7.84915049623e-11,2.566757917404175,0.000805315961045,244,-9.1951951952,0.439117431640625,0.0826633090087,0.00662294542417,-16,0.144568,0.09430575370788574,1.15554,-5,-8.930624309,-1.42092901001e-07,698.1111941337585,4.48899632713
1.4355039596557617,999,2.14533812937e-08,6.02601613053e-09,2.5747289657592773,4.08925302509e-08,245,-10.7627627628,0.45685243606567383,0.0849485436187,0.0004428208631,-32,0.142293,0.09122085571289062,1.15291,-5,-10.4370449059,6.23459115445e-08,700.6896030902863,4.42745718804
1.4401960372924805,998,-0.000174926564796,-1.0986520721e-11,2.280327796936035,0.000174933431251,246,-10.1142284569,0.4346497058868408,0.0794153149052,0.00797416269779,-16,0.144263,0.09241461753845215,1.15519,-5,-9.81305180446,6.86645496017e-09,702.9743671417236,4.46394798571
1.3939969539642334,999,-0.000419141433667,-1.36024559672e-11,2.3484292030334473,0.000419154961216,247,-8.76276276276,0.44557738304138184,0.0859714683443,0.00953373592347,-15,0.141175,0.0952768325805664,1.15163,-5,-8.51524009383,1.35275488589e-08,705.3260700702667,4.43829621004
1.3126919269561768,1000,-0.00020584804588,-9.06556163471e-09,2.13645601272583,0.00020582822531,248,-7.416,0.4433937072753906,0.105168959485,0.0088990367949,-14,0.12157,0.09024190902709961,1.12927,-5,-7.22174703642,-1.98205700741e-08,707.4668130874634,3.98458830998
1.2767562866210938,999,-0.000181474315468,-1.64990527907e-08,2.1266889572143555,0.000181413614534,249,-6.39439439439,0.44159913063049316,0.154523731957,0.00818947516382,-14,0.090977,0.0951695442199707,1.09524,-5,-6.24034883433,-6.0700934057e-08,709.5979480743408,3.24887115355
1.2178490161895752,1000,-0.000133981317049,-1.45279104302e-08,2.0549120903015137,0.000134005254274,250,-5.504,0.43462061882019043,0.315379120452,0.00721519300714,-14,0.0556355,0.08684229850769043,1.05721,-5,-5.38522272595,2.39372255351e-08,711.6574440002441,2.0692955323
1.2122619152069092,1000,-0.000112102519779,1.9697029785e-08,2.039113998413086,0.000112206854723,251,-5.235,0.4380836486816406,0.490072619285,0.00638239691034,-14,0.0252413,0.0901191234588623,1.02556,-5,-5.12672546639,1.0433494424e-07,713.7010250091553,1.4324018291
1.2468345165252686,1000,-5.57392559131e-05,2.01439784991e-11,2.0723588466644287,5.55833686775e-05,252,-5.641,0.43758273124694824,0.267922650666,0.00723856361583,-14,0.0535985,0.0882577896118164,1.05506,-5,-5.51670833059,-1.55887235564e-07,715.7796449661255,2.31173506267
1.240006446838379,1000,-2.8517913961e-05,2.9174976237e-12,2.108572006225586,2.85894395375e-05,253,-5.198,0.4531569480895996,0.530785195908,0.00562340160832,-14,0.0226729,0.09231805801391602,1.02293,-5,-5.09119301998,7.15255765726e-08,717.8928260803223,1.32014999148
1.2055609226226807,1000,-4.27131635661e-06,7.34961050353e-12,2.0220260620117188,4.30183393618e-06,254,-5.027,0.4365580081939697,0.890899263044,0.0022924633231,-14,0.00444134,0.0884404182434082,1.00445,-5,-4.92693110227,3.05175795745e-08,719.9193971157074,0.4922103209
1.214195966720581,1000,-0.0119900302961,8.80033285827e-12,2.122695207595825,0.011990030395,255,-5.0,0.4395623207092285,0.999999925617,0.00883674621582,-5,0.000572135,0.08751034736633301,1.00057,-5,-4.90099501,9.88133255775e-11,722.0467541217804,0.0
1.210362434387207,991,-0.0284301526845,1.81713880054e-11,2.421428918838501,0.028430375755,256,-5.04742684157,0.43778133392333984,0.995174133963,0.00884031504393,-7,0.039203,0.09251284599304199,1.03998,-5,-4.9460782719,2.23070557581e-07,724.4726741313934,0.221841978027
1.22998046875,994,-0.0132473008707,-7.6883575062e-09,2.3913400173187256,0.0132474042466,257,-5.67605633803,0.4331820011138916,0.256381791444,0.00793596263975,-23,0.0804081,0.09064984321594238,1.08373,-5,-5.55836489491,1.03375874971e-07,726.8673579692841,3.0475259849
1.2344539165496826,996,-0.0102849006653,8.3774187587e-09,2.378898859024048,0.0102850165284,258,-5.79819277108,0.4349977970123291,0.231982520112,0.00591734191403,-52,0.0710298,0.09120750427246094,1.07361,-5,-5.67645685019,1.15863159067e-07,729.2505221366882,3.63749394443
1.2360386848449707,999,-0.00164160365239,3.30568283857e-09,2.136384963989258,0.00164160164967,259,-5.68968968969,0.44109082221984863,0.271808495747,0.00606271391734,-25,0.0494501,0.09457087516784668,1.05069,-5,-5.57282394342,-2.00271599304e-09,731.3919930458069,3.18495647561
1.2174465656280518,1000,-9.93377980194e-05,-1.38020939122e-09,2.137923002243042,9.93602465993e-05,260,-5.1,0.43765807151794434,0.601836572644,0.00235997093841,-23,0.0160215,0.08788514137268066,1.01615,-5,-4.9977462755,2.24485798839e-08,733.5343949794769,1.30076900332
1.2235980033874512,1000,-0.00316624250263,-3.75096731453e-10,2.1083128452301025,0.0031662674889,261,-5.612,0.42709898948669434,0.250409595742,0.00605419790372,-23,0.0313132,0.08504366874694824,1.03181,-5,-5.49273277288,2.49862672774e-08,735.6474039554596,3.21207970013
1.2101199626922607,1000,-2.08698747883e-05,2.13162421048e-09,2.097198009490967,2.08576200738e-05,262,-5.126,0.4352991580963135,0.562943071186,0.00100603909232,-23,0.00767058,0.08803820610046387,1.0077,-5,-5.02317334054,-1.22547145764e-08,737.7491250038147,1.44572611514
1.2176940441131592,1000,-0.000284427456791,2.08717487737e-08,2.039185047149658,0.000284424023563,263,-5.225,0.44020581245422363,0.440501664089,0.00510654086247,-23,0.0191773,0.08833527565002441,1.01936,-5,-5.11915361599,-3.43322748009e-09,739.7918119430542,1.93813699206
1.1945161819458008,1000,-6.44549729145e-08,-5.72063896254e-10,2.0369579792022705,5.49986962639e-08,264,-5.036,0.43688225746154785,0.794814985719,0.00171218451578,-23,0.00249948,0.08582806587219238,1.0025,-5,-4.93575112018,-9.45627665061e-09,741.8322060108185,0.804179084533
1.200376272201538,1000,-1.19209286539e-11,-6.91858625512e-13,2.137075901031494,0.0,265,-5.0,0.4326317310333252,0.999895205629,-6.91858625512e-13,-5,1.22641e-05,0.08691573143005371,1.00001,-5,-4.90099501,-1.19209286539e-11,743.9737989902496,0.0
1.2088985443115234,1000,-0.000330197799485,-6.91858625512e-13,2.180022954940796,0.000330197800975,266,-5.0,0.44830894470214844,1.0,0.000578330887947,-5,1.22641e-05,0.08936667442321777,1.00001,-5,-4.90099501,1.49011608174e-12,746.158392906189,0.0
1.2149324417114258,1000,-1.80776382308e-07,0.0,2.4359540939331055,0.0,267,-5.002,0.45496153831481934,0.999810238493,0.0,-6,0.00394857,0.09640336036682129,1.00396,-5,-4.9028969901,-1.80776382308e-07,748.5975549221039,0.0446766158074
1.1987884044647217,1000,9.8617171318e-08,0.0,2.377397060394287,0.0,268,-5.002,0.4317011833190918,0.999810541656,0.0,-6,0.00394857,0.08799958229064941,1.00396,-5,-4.9028969901,9.8617171318e-08,750.9796531200409,0.0446766158074
1.2149109840393066,1000,-2.82061947132e-08,0.0,2.3980910778045654,0.0,269,-5.004,0.43836212158203125,0.999622200012,0.0,-6,0.00395485,0.1813812255859375,1.00396,-5,-4.9047989702,-2.82061947132e-08,753.3811221122742,0.0631189353522
1.1994831562042236,1000,3.57005127682e-08,0.0,2.46406888961792,0.0,270,-5.001,0.443636417388916,0.999904414614,0.0,-6,0.00394542,0.09209966659545898,1.00395,-5,-4.90194600005,3.57005127682e-08,755.8485760688782,0.0316069612586
1.2130727767944336,1000,1.52347467974e-08,0.0,2.2660770416259766,0.0,271,-5.003,0.4464447498321533,0.999716042731,0.0,-6,0.00395171,0.09218621253967285,1.00396,-5,-4.90384798015,1.52347467974e-08,758.1180081367493,0.0546900356555
1.2044615745544434,1000,-1.0748847501e-07,0.0,2.281373977661133,0.0,272,-5.004,0.43681812286376953,0.999622426024,0.0,-6,0.00395485,0.09047770500183105,1.00396,-5,-4.9047989702,-1.0748847501e-07,760.4040329456329,0.0631189353522
1.1862750053405762,1000,6.01096914465e-08,0.0,2.4944400787353516,0.0,273,-5.001,0.4314537048339844,0.999904414614,0.0,-6,0.00394542,0.09096670150756836,1.00395,-5,-4.90194600005,6.01096914465e-08,762.9029679298401,0.0316069612586
1.193371295928955,1000,6.06070926779e-08,0.0,2.3669168949127197,0.0,274,-5.002,0.4327995777130127,0.999810465979,0.0,-6,0.00394857,0.08811759948730469,1.00396,-5,-4.9028969901,6.06070926779e-08,765.274523973465,0.0446766158074
1.2021076679229736,1000,9.3448100813e-08,0.0,2.514478921890259,0.0,275,-5.001,0.4427149295806885,0.999905017249,0.0,-6,0.00394542,0.09142231941223145,1.00395,-5,-4.90194600005,9.3448100813e-08,767.7935869693756,0.0316069612586
1.2141547203063965,999,-0.037307176739,0.0,2.1136159896850586,0.0373077088016,276,-5.00700700701,0.4495832920074463,0.999339717893,0.0028088374529,-6,0.00396429,0.09252524375915527,1.00397,-5,-4.90765860394,5.32062585989e-07,769.9116859436035,0.0834140807047
1.198915958404541,1000,-3.29019417222e-06,7.82567326912e-12,2.1181130409240723,3.29015840943e-06,277,-5.0,0.43157243728637695,0.999996311452,9.37018830882e-06,-5,2.09106e-05,0.0855250358581543,1.00002,-5,-4.90099501,-3.57627885639e-11,772.0336890220642,0.0
1.191608190536499,1000,1.49011608174e-12,0.0,2.128690004348755,0.0,278,-5.0,0.43401598930358887,1.0,0.0,-5,6.40736e-09,0.08768630027770996,1.0,-5,-4.90099501,1.49011608174e-12,774.1670191287994,0.0
1.2054247856140137,1000,1.49011608174e-12,0.0,2.1755788326263428,0.0,279,-5.0,0.4390993118286133,1.0,0.0,-5,6.40736e-09,0.08777332305908203,1.0,-5,-4.90099501,1.49011608174e-12,776.3459749221802,0.0
1.2143099308013916,1000,1.49011608174e-12,0.0,2.2022149562835693,0.0,280,-5.0,0.44597721099853516,1.0,0.0,-5,6.40736e-09,0.0895836353302002,1.0,-5,-4.90099501,1.49011608174e-12,778.5538790225983,0.0
1.1907334327697754,1000,1.49011608174e-12,0.0,2.1482009887695312,0.0,281,-5.0,0.43077564239501953,1.0,0.0,-5,6.40736e-09,0.08810281753540039,1.0,-5,-4.90099501,1.49011608174e-12,780.7069880962372,0.0
1.1933002471923828,1000,1.49011608174e-12,0.0,2.1417670249938965,0.0,282,-5.0,0.43520283699035645,1.0,0.0,-5,6.40736e-09,0.0878760814666748,1.0,-5,-4.90099501,1.49011608174e-12,782.8521199226379,0.0
1.215611219406128,1000,1.49011608174e-12,0.0,2.168032169342041,0.0,283,-5.0,0.44335484504699707,1.0,0.0,-5,6.40736e-09,0.08848857879638672,1.0,-5,-4.90099501,1.49011608174e-12,785.0238831043243,0.0
1.201202630996704,1000,1.49011608174e-12,0.0,2.1630239486694336,0.0,284,-5.0,0.43381166458129883,1.0,0.0,-5,6.40736e-09,0.08763980865478516,1.0,-5,-4.90099501,1.49011608174e-12,787.191409111023,0.0
1.193577527999878,1000,1.49011608174e-12,0.0,2.1567330360412598,0.0,285,-5.0,0.4345817565917969,1.0,0.0,-5,6.40736e-09,0.08773684501647949,1.0,-5,-4.90099501,1.49011608174e-12,789.351371049881,0.0
1.2006137371063232,1000,1.49011608174e-12,0.0,2.1480419635772705,0.0,286,-5.0,0.43819665908813477,1.0,0.0,-5,6.40736e-09,0.08789491653442383,1.0,-5,-4.90099501,1.49011608174e-12,791.5034711360931,0.0
1.2127017974853516,1000,1.49011608174e-12,0.0,2.172636032104492,0.0,287,-5.0,0.44002556800842285,1.0,0.0,-5,6.40736e-09,0.08779454231262207,1.0,-5,-4.90099501,1.49011608174e-12,793.6806230545044,0.0
1.1992599964141846,1000,1.49011608174e-12,0.0,2.160784959793091,0.0,288,-5.0,0.42966413497924805,1.0,0.0,-5,6.40736e-09,0.08642196655273438,1.0,-5,-4.90099501,1.49011608174e-12,795.8448770046234,0.0
1.2086594104766846,1000,1.49011608174e-12,0.0,2.2014000415802,0.0,289,-5.0,0.4400782585144043,1.0,0.0,-5,6.40736e-09,0.0885777473449707,1.0,-5,-4.90099501,1.49011608174e-12,798.0502080917358,0.0
1.2050247192382812,1000,1.49011608174e-12,0.0,2.155457019805908,0.0,290,-5.0,0.4395639896392822,1.0,0.0,-5,6.40736e-09,0.08940267562866211,1.0,-5,-4.90099501,1.49011608174e-12,800.2101149559021,0.0
1.2096083164215088,1000,1.49011608174e-12,0.0,2.1740310192108154,0.0,291,-5.0,0.4385488033294678,1.0,0.0,-5,6.40736e-09,0.08688473701477051,1.0,-5,-4.90099501,1.49011608174e-12,802.3874909877777,0.0
1.185685634613037,1000,1.49011608174e-12,0.0,2.1490890979766846,0.0,292,-5.0,0.42917394638061523,1.0,0.0,-5,6.40736e-09,0.08605527877807617,1.0,-5,-4.90099501,1.49011608174e-12,804.5411550998688,0.0
1.1997792720794678,1000,1.49011608174e-12,0.0,2.2473161220550537,0.0,293,-5.0,0.43544864654541016,1.0,0.0,-5,6.40736e-09,0.08852529525756836,1.0,-5,-4.90099501,1.49011608174e-12,806.7919321060181,0.0
1.4270925521850586,1000,1.49011608174e-12,0.0,2.6257131099700928,0.0,294,-5.0,0.5298802852630615,1.0,0.0,-5,6.40736e-09,0.11115908622741699,1.0,-5,-4.90099501,1.49011608174e-12,809.4221351146698,0.0
1.5319745540618896,1000,1.49011608174e-12,0.0,2.6269309520721436,0.0,295,-5.0,0.5453362464904785,1.0,0.0,-5,6.40736e-09,0.11200833320617676,1.0,-5,-4.90099501,1.49011608174e-12,812.0561819076538,0.0
1.2366294860839844,1000,1.49011608174e-12,0.0,2.22342586517334,0.0,296,-5.0,0.44640064239501953,1.0,0.0,-5,6.40736e-09,0.09037280082702637,1.0,-5,-4.90099501,1.49011608174e-12,814.2841119766235,0.0
1.1975922584533691,1000,1.49011608174e-12,0.0,2.158761978149414,0.0,297,-5.0,0.43317103385925293,1.0,0.0,-5,6.40736e-09,0.0882258415222168,1.0,-5,-4.90099501,1.49011608174e-12,816.447291135788,0.0
1.1959710121154785,1000,1.49011608174e-12,0.0,2.1413450241088867,0.0,298,-5.0,0.4385335445404053,1.0,0.0,-5,6.40736e-09,0.08727240562438965,1.0,-5,-4.90099501,1.49011608174e-12,818.592031955719,0.0
1.205674648284912,1000,1.49011608174e-12,0.0,2.1684110164642334,0.0,299,-5.0,0.4379570484161377,1.0,0.0,-5,6.40736e-09,0.08748579025268555,1.0,-5,-4.90099501,1.49011608174e-12,820.7637860774994,0.0
